hypothesis_id,branch,trader_question,source_detail_blocks,target_label,status,latest_evidence,next_action,notes
rare_custom_pattern_entries,structure_volume,"When rare custom pattern entries trigger, do they justify entry/add/reduce depending on direction?",custom_indicators;patterns;sieve_entries,3pct_tp_vs_3pct_sl or entry-family target,user_validated_external_needs_integration,,Map exact pattern names/classes; do not call complete sunflower.,"Includes head and shoulders, Wolfe waves, pennants, triangles, wedges etc."
gamma_bull_compression_breakout,structure_volume,"When price is compressed/ranging then breaks upward with bullish volume, does it continue?",price;volume;structure,breakout_success_next_6h,direct_promising,objectives_progress.md gamma suite summary,Convert into readable strategy/entry family candidate.,"Representative trigger rows 54, success 51.9 vs controls in old report."
macro_context_liquidity_stress_breakdown,news_context,"When macro/context liquidity stress aligns with breakdown, does large drawdown risk rise?",context;macro;structure,large_drawdown_next_6h,deferred_for_data,freqai_promotion_readiness_plan.md and objectives_progress.md,Resume only after source readiness/preflight.,Strict direct result existed but context data readiness questionable.
vah_rejection_orderbook_breakout_failure,orderbook_state,Does orderbook improve VAH rejection failure prediction?,structure_vp;orderbook,breakout_failure_next_6h,needs_rework,context_research_detailed_findings.md structure+orderbook v2/broad,Rework setup or treat as parked; FreqAI did not confirm orderbook lift.,Direct pass but broad FreqAI orderbook lift weak.
support_touch_fakeout_orderbook,orderbook_state,"At support touch, does orderbook help identify fakeout/failure?",price;structure;orderbook,fakeout_next_24h,watchlist,context_research_detailed_findings.md event classifier,Needs better sequence features and more coverage.,Watchlist improved AUC in 4/4 held-out months but mean still modest.
historical_news_relief_bounce,news_context_overlay,"When macro/crypto/news stress was high but fades near support or after a selloff, does bounce/reclaim probability improve?",gdelt_events;gkg_documents;price_range_state,up_2pct_next_24h;hit_plus_3_before_minus_2_72h,exploratory_signal,ai_guidance_docs/04_results/historical_news_overlay_results_20260615.md,Join to Sieve support-reclaim/bounce entries and test as entry confidence/add/hold overlay.,"Recurring lead across W1/W2/W3; examples include macro_relief_after_selloff W3 lift +0.243 and macro_relief_bounce W2 lift +0.076."
historical_news_breakdown_continuation,news_context_overlay,"After price breaks lower, do bad news, crypto stress, or policy/security stress increase downside continuation risk?",gdelt_events;gkg_documents;price_breakdown_state,down_2pct_next_24h;hit_minus_3_before_plus_2_72h,exploratory_signal,ai_guidance_docs/04_results/historical_news_overlay_results_20260615.md,Join to Sieve support-break shorts and long-exit/reduce logic.,"Best use is short confirmation, long reduction, stop tightening, and crash-continuation warning; W2 bad_news_breakdown_continuation lift +0.108."
historical_news_attention_compression,news_context_overlay,"When news attention is high after compression, does volatility expansion improve and does price lean determine direction?",gdelt_events;gkg_documents;price_compression_state,large_drawdown_next_24h;large_upside_next_24h,exploratory_signal,ai_guidance_docs/04_results/historical_news_overlay_results_20260615.md,Test as stop-tightening/risk regime and entry-size overlay before direct entry use.,"W2 attention_compression_downside lift +0.179 for large drawdown; W1 attention_compression_upside lift +0.088 for upside."
historical_news_attention_breakout,news_context_overlay,"Do high-attention breakouts with volume follow through better, especially when not overextended?",gdelt_events;gkg_documents;price_breakout_state;volume_state,up_2pct_next_24h;up_5pct_next_168h,exploratory_signal,ai_guidance_docs/04_results/historical_news_overlay_results_20260615.md,Join to Sieve breakout-long entries and test confidence/add/hold overlay.,"Recurring W1/W2/W3 lead; attention_breakout_not_overextended W1 lift +0.141 and W2 lift +0.099."
historical_news_bad_news_absorption,news_context_overlay,"If bad news is active but price holds support or rises anyway, does that signal absorption/strength?",gdelt_events;gkg_documents;support_state;price_strength_state,up_2pct_next_24h;hit_plus_3_before_minus_2_72h,exploratory_signal,ai_guidance_docs/04_results/historical_news_overlay_results_20260615.md,Test as Sieve support-hold/reclaim long overlay and as avoid-reducing-winners evidence.,"Bad news absorbed by support and bad-news-ignored-by-rising-price both showed promising lifts."
